sequential_site	H3_site	H1_site	H5_site	protein	protein_site
1	-6	-16	-16	SigPep	1
2	-5	-15	-15	SigPep	2
3	-4	-14	-14	SigPep	3
4	-3	-13	-13	SigPep	4
5	-2	-12	-12	SigPep	5
6	-1	-11	-11	SigPep	6
7	1	-10	-10	SigPep	7
8	2	-9	-9	SigPep	8
9	3	-8	-8	SigPep	9
10	4	-7	-7	SigPep	10
11	5	-6	-6	SigPep	11
12	6	-5	-5	SigPep	12
13	7	-4	-4	SigPep	13
14	8	-3	-3	SigPep	14
15	9	-2	-2	SigPep	15
16	10	-1	-1	SigPep	16
17	11	1	1	HA1	1
18	12	2	2	HA1	2
19	13	3	3	HA1	3
20	14	4	4	HA1	4
21	15	5	5	HA1	5
22	16	6	6	HA1	6
23	17	7	7	HA1	7
24	18	8	8	HA1	8
25	19	9	9	HA1	9
26	20	10	10	HA1	10
27	21	11	11	HA1	11
28	22	12	12	HA1	12
29	23	13	13	HA1	13
30	24	14	14	HA1	14
31	25	15	15	HA1	15
32	26	16	16	HA1	16
33	27	17	17	HA1	17
34	28	18	18	HA1	18
35	29	19	19	HA1	19
36	30	20	20	HA1	20
37	31	21	21	HA1	21
38	32	22	22	HA1	22
39	33	23	23	HA1	23
40	34	24	24	HA1	24
41	35	25	25	HA1	25
42	36	26	26	HA1	26
43	37	27	27	HA1	27
44	38	28	28	HA1	28
45	39	29	29	HA1	29
46	40	30	30	HA1	30
47	41	31	31	HA1	31
48	42	32	32	HA1	32
49	43	33	33	HA1	33
50	44	34	34	HA1	34
51	45	35	35	HA1	35
52	46	36	36	HA1	36
53	47	37	37	HA1	37
54	48	38	38	HA1	38
55	49	39	39	HA1	39
56	50	40	40	HA1	40
57	51	41	41	HA1	41
58	52	42	42	HA1	42
59	53	43	43	HA1	43
60	54	44	44	HA1	44
61	54a	45	45	HA1	45
62	55	46	46	HA1	46
63	56	47	47	HA1	47
64	57	48	48	HA1	48
65	58	49	49	HA1	49
66	59	50	50	HA1	50
67	60	51	51	HA1	51
68	61	52	52	HA1	52
69	62	53	53	HA1	53
70	63	54	54	HA1	54
71	64	55	55	HA1	55
72	65	56	56	HA1	56
73	66	57	57	HA1	57
74	67	58	58	HA1	58
75	68	59	59	HA1	59
76	69	60	60	HA1	60
77	70	61	61	HA1	61
78	71	62	62	HA1	62
79	72	63	63	HA1	63
80	73	64	64	HA1	64
81	74	65	65	HA1	65
82	75	66	66	HA1	66
83	76	67	67	HA1	67
84	77	68	68	HA1	68
85	78	69	69	HA1	69
86	79	70	70	HA1	70
87	80	71	71	HA1	71
88	81	72	72	HA1	72
89	82	73	73	HA1	73
90	82a	74	74	HA1	74
91	83	75	75	HA1	75
92	84	76	76	HA1	76
93	85	77	77	HA1	77
94	86	78	78	HA1	78
95	87	79	79	HA1	79
96	88	80	80	HA1	80
97	89	81	81	HA1	81
98	90	82	82	HA1	82
99	91	83	83	HA1	83
100	92	84	84	HA1	84
101	92a	85	85	HA1	85
102	93	86	86	HA1	86
103	94	87	87	HA1	87
104	95	88	88	HA1	88
105	96	89	89	HA1	89
106	97	90	90	HA1	90
107	98	91	91	HA1	91
108	99	92	92	HA1	92
109	100	93	93	HA1	93
110	101	94	94	HA1	94
111	102	95	95	HA1	95
112	103	96	96	HA1	96
113	104	97	97	HA1	97
114	105	98	98	HA1	98
115	106	99	99	HA1	99
116	107	100	100	HA1	100
117	108	101	101	HA1	101
118	109	102	102	HA1	102
119	110	103	103	HA1	103
120	111	104	104	HA1	104
121	112	105	105	HA1	105
122	113	106	106	HA1	106
123	114	107	107	HA1	107
124	115	108	108	HA1	108
125	116	109	109	HA1	109
126	117	110	110	HA1	110
127	118	111	111	HA1	111
128	119	112	112	HA1	112
129	120	113	113	HA1	113
130	121	114	114	HA1	114
131	122	115	115	HA1	115
132	123	116	116	HA1	116
133	124	117	117	HA1	117
134	125	118	118	HA1	118
135	125a	119	119	HA1	119
136	125b	120	120	HA1	120
137	126	122	121	HA1	121
138	127	123	122	HA1	122
139	128	124	123	HA1	123
140	129	125	124	HA1	124
141	130	126	125	HA1	125
142	131	127	126	HA1	126
143	132	128	127	HA1	127
144	133	129	128	HA1	128
145	133a	130	129	HA1	129
146	134	131	130	HA1	130
147	135	132	131	HA1	131
148	136	133	132	HA1	132
149	137	134	133	HA1	133
150	138	135	134	HA1	134
151	139	136	135	HA1	135
152	140	137	136	HA1	136
153	141	138	137	HA1	137
154	142	139	138	HA1	138
155	143	140	139	HA1	139
156	144	141	140	HA1	140
157	145	142	141	HA1	141
158	146	143	142	HA1	142
159	147	144	143	HA1	143
160	148	145	144	HA1	144
161	149	146	145	HA1	145
162	150	147	146	HA1	146
163	151	148	147	HA1	147
164	152	149	148	HA1	148
165	153	150	149	HA1	149
166	154	151	150	HA1	150
167	155	152	151	HA1	151
168	156	153	152	HA1	152
169	157	154	153	HA1	153
170	158	155	154	HA1	154
171	159	156	155	HA1	155
172	160	157	156	HA1	156
173	161	158	157	HA1	157
174	162	159	158	HA1	158
175	163	160	159	HA1	159
176	164	161	160	HA1	160
177	165	162	161	HA1	161
178	166	163	162	HA1	162
179	167	164	163	HA1	163
180	168	165	164	HA1	164
181	169	166	165	HA1	165
182	170	167	166	HA1	166
183	171	168	167	HA1	167
184	172	169	168	HA1	168
185	173	170	169	HA1	169
186	174	171	170	HA1	170
187	175	172	171	HA1	171
188	176	173	172	HA1	172
189	177	174	173	HA1	173
190	178	175	174	HA1	174
191	179	176	175	HA1	175
192	180	177	176	HA1	176
193	181	178	177	HA1	177
194	182	179	178	HA1	178
195	183	180	179	HA1	179
196	184	181	180	HA1	180
197	185	182	181	HA1	181
198	186	183	182	HA1	182
199	187	184	183	HA1	183
200	188	185	184	HA1	184
201	189	186	185	HA1	185
202	190	187	186	HA1	186
203	191	188	187	HA1	187
204	192	189	188	HA1	188
205	193	190	189	HA1	189
206	194	191	190	HA1	190
207	195	192	191	HA1	191
208	196	193	192	HA1	192
209	197	194	193	HA1	193
210	198	195	194	HA1	194
211	199	196	195	HA1	195
212	200	197	196	HA1	196
213	201	198	197	HA1	197
214	202	199	198	HA1	198
215	203	200	199	HA1	199
216	204	201	200	HA1	200
217	205	202	201	HA1	201
218	206	203	202	HA1	202
219	207	204	203	HA1	203
220	208	205	204	HA1	204
221	209	206	205	HA1	205
222	210	207	206	HA1	206
223	211	208	207	HA1	207
224	212	209	208	HA1	208
225	213	210	209	HA1	209
226	214	211	210	HA1	210
227	215	212	211	HA1	211
228	216	213	212	HA1	212
229	217	214	213	HA1	213
230	218	215	214	HA1	214
231	219	216	215	HA1	215
232	220	217	216	HA1	216
233	221	218	217	HA1	217
234	222	219	218	HA1	218
235	223	220	219	HA1	219
236	224	221	220	HA1	220
237	225	222	221	HA1	221
238	226	223	222	HA1	222
239	227	224	223	HA1	223
240	228	225	224	HA1	224
241	229	226	225	HA1	225
242	230	227	226	HA1	226
243	231	228	227	HA1	227
244	232	229	228	HA1	228
245	233	230	229	HA1	229
246	234	231	230	HA1	230
247	235	232	231	HA1	231
248	236	233	232	HA1	232
249	237	234	233	HA1	233
250	238	235	234	HA1	234
251	239	236	235	HA1	235
252	240	237	236	HA1	236
253	241	238	237	HA1	237
254	242	239	238	HA1	238
255	243	240	239	HA1	239
256	244	241	240	HA1	240
257	245	242	241	HA1	241
258	246	243	242	HA1	242
259	247	244	243	HA1	243
260	248	245	244	HA1	244
261	249	246	245	HA1	245
262	250	247	246	HA1	246
263	251	248	247	HA1	247
264	252	249	248	HA1	248
265	253	250	249	HA1	249
266	254	251	250	HA1	250
267	255	252	251	HA1	251
268	256	253	252	HA1	252
269	257	254	253	HA1	253
270	258	255	254	HA1	254
271	259	256	255	HA1	255
272	260	257	256	HA1	256
273	261	258	257	HA1	257
274	262	259	258	HA1	258
275	262a	260	259	HA1	259
276	263	261	260	HA1	260
277	264	262	261	HA1	261
278	265	263	262	HA1	262
279	266	264	263	HA1	263
280	267	265	264	HA1	264
281	268	266	265	HA1	265
282	269	267	266	HA1	266
283	270	268	267	HA1	267
284	271	269	268	HA1	268
285	272	270	269	HA1	269
286	273	271	270	HA1	270
287	274	272	271	HA1	271
288	275	273	272	HA1	272
289	276	274	273	HA1	273
290	277	275	274	HA1	274
291	278	276	275	HA1	275
292	279	277	276	HA1	276
293	280	278	277	HA1	277
294	281	279	278	HA1	278
295	282	280	279	HA1	279
296	283	281	280	HA1	280
297	284	282	281	HA1	281
298	285	283	282	HA1	282
299	286	284	283	HA1	283
300	287	285	284	HA1	284
301	288	286	285	HA1	285
302	289	287	286	HA1	286
303	290	288	287	HA1	287
304	291	289	288	HA1	288
305	292	290	289	HA1	289
306	293	291	290	HA1	290
307	294	292	291	HA1	291
308	295	293	292	HA1	292
309	296	294	293	HA1	293
310	297	295	294	HA1	294
311	298	296	295	HA1	295
312	299	297	296	HA1	296
313	300	298	297	HA1	297
314	301	299	298	HA1	298
315	302	300	299	HA1	299
316	303	301	300	HA1	300
317	304	302	301	HA1	301
318	305	303	302	HA1	302
319	306	304	303	HA1	303
320	307	305	304	HA1	304
321	308	306	305	HA1	305
322	309	307	306	HA1	306
323	310	308	307	HA1	307
324	311	309	308	HA1	308
325	312	310	309	HA1	309
326	313	311	310	HA1	310
327	314	312	311	HA1	311
328	315	313	312	HA1	312
329	316	314	313	HA1	313
330	317	315	314	HA1	314
331	318	316	315	HA1	315
332	319	317	316	HA1	316
333	320	318	317	HA1	317
334	321	319	318	HA1	318
335	322	320	319	HA1	319
336	323	321	320	HA1	320
337	324	322	321	HA1	321
338	325	323	322	HA1	322
339	326	324	323	HA1	323
340	327	325	324	HA1	324
341	328	326	325	HA1	325
342	328a	326a	326	HA1	326
343	328b	326b	327	HA1	327
344	328c	326c	328	HA1	328
345	329	327	329	HA1	329
346	330	328	330	HA2	1
347	331	329	331	HA2	2
348	332	330	332	HA2	3
349	333	331	333	HA2	4
350	334	332	334	HA2	5
351	335	333	335	HA2	6
352	336	334	336	HA2	7
353	337	335	337	HA2	8
354	338	336	338	HA2	9
355	339	337	339	HA2	10
356	340	338	340	HA2	11
357	341	339	341	HA2	12
358	342	340	342	HA2	13
359	343	341	343	HA2	14
360	344	342	344	HA2	15
361	345	343	345	HA2	16
362	346	344	346	HA2	17
363	347	345	347	HA2	18
364	348	346	348	HA2	19
365	349	347	349	HA2	20
366	350	348	350	HA2	21
367	351	349	351	HA2	22
368	352	350	352	HA2	23
369	353	351	353	HA2	24
370	354	352	354	HA2	25
371	355	353	355	HA2	26
372	356	354	356	HA2	27
373	357	355	357	HA2	28
374	358	356	358	HA2	29
375	359	357	359	HA2	30
376	360	358	360	HA2	31
377	361	359	361	HA2	32
378	362	360	362	HA2	33
379	363	361	363	HA2	34
380	364	362	364	HA2	35
381	365	363	365	HA2	36
382	366	364	366	HA2	37
383	367	365	367	HA2	38
384	368	366	368	HA2	39
385	369	367	369	HA2	40
386	370	368	370	HA2	41
387	371	369	371	HA2	42
388	372	370	372	HA2	43
389	373	371	373	HA2	44
390	374	372	374	HA2	45
391	375	373	375	HA2	46
392	376	374	376	HA2	47
393	377	375	377	HA2	48
394	378	376	378	HA2	49
395	379	377	379	HA2	50
396	380	378	380	HA2	51
397	381	379	381	HA2	52
398	382	380	382	HA2	53
399	383	381	383	HA2	54
400	384	382	384	HA2	55
401	385	383	385	HA2	56
402	386	384	386	HA2	57
403	387	385	387	HA2	58
404	388	386	388	HA2	59
405	389	387	389	HA2	60
406	390	388	390	HA2	61
407	391	389	391	HA2	62
408	392	390	392	HA2	63
409	393	391	393	HA2	64
410	394	392	394	HA2	65
411	395	393	395	HA2	66
412	396	394	396	HA2	67
413	397	395	397	HA2	68
414	398	396	398	HA2	69
415	399	397	399	HA2	70
416	400	398	400	HA2	71
417	401	399	401	HA2	72
418	402	400	402	HA2	73
419	403	401	403	HA2	74
420	404	402	404	HA2	75
421	405	403	405	HA2	76
422	406	404	406	HA2	77
423	407	405	407	HA2	78
424	408	406	408	HA2	79
425	409	407	409	HA2	80
426	410	408	410	HA2	81
427	411	409	411	HA2	82
428	412	410	412	HA2	83
429	413	411	413	HA2	84
430	414	412	414	HA2	85
431	415	413	415	HA2	86
432	416	414	416	HA2	87
433	417	415	417	HA2	88
434	418	416	418	HA2	89
435	419	417	419	HA2	90
436	420	418	420	HA2	91
437	421	419	421	HA2	92
438	422	420	422	HA2	93
439	423	421	423	HA2	94
440	424	422	424	HA2	95
441	425	423	425	HA2	96
442	426	424	426	HA2	97
443	427	425	427	HA2	98
444	428	426	428	HA2	99
445	429	427	429	HA2	100
446	430	428	430	HA2	101
447	431	429	431	HA2	102
448	432	430	432	HA2	103
449	433	431	433	HA2	104
450	434	432	434	HA2	105
451	435	433	435	HA2	106
452	436	434	436	HA2	107
453	437	435	437	HA2	108
454	438	436	438	HA2	109
455	439	437	439	HA2	110
456	440	438	440	HA2	111
457	441	439	441	HA2	112
458	442	440	442	HA2	113
459	443	441	443	HA2	114
460	444	442	444	HA2	115
461	445	443	445	HA2	116
462	446	444	446	HA2	117
463	447	445	447	HA2	118
464	448	446	448	HA2	119
465	449	447	449	HA2	120
466	450	448	450	HA2	121
467	451	449	451	HA2	122
468	452	450	452	HA2	123
469	453	451	453	HA2	124
470	454	452	454	HA2	125
471	455	453	455	HA2	126
472	456	454	456	HA2	127
473	457	455	457	HA2	128
474	458	456	458	HA2	129
475	459	457	459	HA2	130
476	460	458	460	HA2	131
477	461	459	461	HA2	132
478	462	460	462	HA2	133
479	463	461	463	HA2	134
480	464	462	464	HA2	135
481	465	463	465	HA2	136
482	466	464	466	HA2	137
483	467	465	467	HA2	138
484	468	466	468	HA2	139
485	469	467	469	HA2	140
486	470	468	470	HA2	141
487	471	469	471	HA2	142
488	472	470	472	HA2	143
489	473	471	473	HA2	144
490	474	472	474	HA2	145
491	475	473	475	HA2	146
492	476	474	476	HA2	147
493	477	475	477	HA2	148
494	478	476	478	HA2	149
495	479	477	479	HA2	150
496	480	478	480	HA2	151
497	481	479	481	HA2	152
498	482	480	482	HA2	153
499	483	481	483	HA2	154
500	484	482	484	HA2	155
501	485	483	485	HA2	156
502	486	484	486	HA2	157
503	487	485	487	HA2	158
504	488	486	488	HA2	159
505	489	487	489	HA2	160
506	490	488	490	HA2	161
507	491	489	491	HA2	162
508	492	490	492	HA2	163
509	493	491	493	HA2	164
510	494	492	494	HA2	165
511	495	493	495	HA2	166
512	496	494	496	HA2	167
513	497	495	497	HA2	168
514	498	496	498	HA2	169
515	499	497	499	HA2	170
516	500	498	500	HA2	171
517	501	499	501	HA2	172
518	502	500	502	HA2	173
519	503	501	503	HA2	174
520	504	502	504	HA2	175
521	505	503	505	HA2	176
522	506	504	506	HA2	177
523	507	505	507	HA2	178
524	508	506	508	HA2	179
525	509	507	509	HA2	180
526	510	508	510	HA2	181
527	510a	509	511	HA2	182
528	511	510	512	HA2	183
529	512	511	513	HA2	184
530	513	512	514	HA2	185
531	514	513	515	HA2	186
532	515	514	516	HA2	187
533	516	515	517	HA2	188
534	517	516	518	HA2	189
535	518	517	519	HA2	190
536	519	518	520	HA2	191
537	520	519	521	HA2	192
538	521	520	522	HA2	193
539	522	521	523	HA2	194
540	523	522	524	HA2	195
541	524	523	525	HA2	196
542	525	524	526	HA2	197
543	526	525	527	HA2	198
544	527	526	528	HA2	199
545	528	527	529	HA2	200
546	529	528	530	HA2	201
547	530	529	531	HA2	202
548	531	530	532	HA2	203
549	532	531	533	HA2	204
550	533	532	534	HA2	205
551	534	533	535	HA2	206
552	535	534	536	HA2	207
553	536	535	537	HA2	208
554	537	536	538	HA2	209
555	538	537	539	HA2	210
556	539	538	540	HA2	211
557	540	539	541	HA2	212
558	541	540	542	HA2	213
559	542	541	543	HA2	214
560	543	542	544	HA2	215
561	544	543	545	HA2	216
562	545	544	546	HA2	217
563	546	545	547	HA2	218
564	547	546	548	HA2	219
565	548	547	549	HA2	220
566	549	548	550	HA2	221
567	550	549	551	HA2	222
